{
  "navigationBarTitleText": "ai问答手",
  "navigationBarBackgroundColor": "#1583FE",
  "usingComponents": {
    "uni-easyinput": "../../uni_modules/uni-easyinput/components/uni-easyinput/uni-easyinput",
    "uni-collapse-item": "../../uni_modules/uni-collapse/components/uni-collapse-item/uni-collapse-item",
    "uni-tag": "../../uni_modules/uni-tag/components/uni-tag/uni-tag",
    "uni-collapse": "../../uni_modules/uni-collapse/components/uni-collapse/uni-collapse",
    "uni-popup": "../../uni_modules/uni-popup/components/uni-popup/uni-popup"
  }
}