{
    "navigationBarTitleText": "ai问答手",
    "navigationBarBackgroundColor": "#1583FE",
    "usingComponents": {
      "our-loading": "../../components/our-loading/our-loading",
      "uni-data-select": "../../uni_modules/uni-data-select/components/uni-data-select/uni-data-select",
      "uni-notice-bar": "../../uni_modules/uni-notice-bar/components/uni-notice-bar/uni-notice-bar",
      "uni-icons": "../../uni_modules/uni-icons/components/uni-icons/uni-icons",
      "uni-drawer": "../../uni_modules/uni-drawer/components/uni-drawer/uni-drawer",
      "uni-popup": "../../uni_modules/uni-popup/components/uni-popup/uni-popup"
    }
  }